timestamp,client,consumption_kw,previous_24h_mean_kw,deviation_kw,anomaly_score
2011-01-02 05:15:00,MT_196,17958.3333333333,11886.718749999993,6071.614583333307,4.633015629470682
2011-01-02 05:30:00,MT_196,17375.0,11958.333333333327,5416.666666666673,3.7471537326367677
2011-01-02 06:00:00,MT_196,17708.3333333333,12079.427083333327,5628.906249999973,3.535260393293193
2011-01-02 06:15:00,MT_196,19416.6666666667,12136.284722222214,7280.381944444487,4.3037230333735526
2011-01-02 06:30:00,MT_196,21375.0,12212.239583333327,9162.760416666673,4.963350421917214
2011-01-02 06:45:00,MT_196,19875.0,12311.631944444438,7563.368055555562,3.659658593834276
2011-01-02 07:00:00,MT_196,20125.0,12383.68055555555,7741.319444444451,3.5124274362652477
2011-01-02 07:15:00,MT_196,23083.3333333333,12457.031249999995,10626.302083333305,4.5429396163648175
2011-01-02 07:30:00,MT_196,25208.3333333333,12575.954861111104,12632.378472222195,4.907163813178607
2011-01-02 07:45:00,MT_196,24208.3333333333,12725.694444444438,11482.638888888861,4.001360025931561
2011-01-02 08:00:00,MT_196,26083.3333333333,12840.711805555547,13242.621527777752,4.275534504606824
2011-01-02 08:15:00,MT_196,26416.6666666667,12983.506944444436,13433.159722222264,3.9790175943763972
2011-01-02 08:30:00,MT_196,27541.6666666667,13131.510416666659,14410.156250000042,3.9589401149029197
2011-01-02 08:45:00,MT_196,29458.3333333333,13293.402777777772,16164.930555555527,4.122902896976953
2011-01-02 09:00:00,MT_196,28458.3333333333,13476.562499999993,14981.770833333307,3.5273382407990956
2011-01-02 09:15:00,MT_196,30000.0,13654.079861111102,16345.920138888898,3.6277575085887004
2011-01-02 09:30:00,MT_196,30541.6666666667,13840.277777777768,16701.388888888934,3.480486787161285
2011-01-02 09:45:00,MT_196,29875.0,14031.249999999993,15843.750000000007,3.1151489781854305
2011-01-26 01:30:00,MT_196,2333.33333333333,22345.48611111107,-20012.15277777774,3.1157596753586785
2011-12-07 01:45:00,MT_196,83.3333333333333,20471.35416666658,-20388.02083333325,3.2650757066342457
2011-12-07 02:00:00,MT_196,83.3333333333333,20378.472222222135,-20295.138888888803,3.133792391030472
2011-12-07 02:15:00,MT_196,83.3333333333333,20272.569444444358,-20189.236111111026,3.0045570045104935
2011-12-26 05:15:00,MT_196,15958.3333333333,9308.593749999925,6649.739583333374,8.24721174725811
2011-12-26 05:30:00,MT_196,15041.6666666667,9378.472222222146,5663.194444444554,5.3854198965703635
2011-12-26 05:45:00,MT_196,15166.6666666667,9438.802083333258,5727.864583333443,4.779717826409652
2011-12-26 06:00:00,MT_196,15083.3333333333,9501.30208333326,5582.03125000004,4.191965936966571
2011-12-26 06:15:00,MT_196,16375.0,9564.236111111037,6810.763888888963,4.709327698316147
2011-12-26 06:30:00,MT_196,15500.0,9640.190972222148,5859.809027777852,3.6576748220690787
2011-12-26 06:45:00,MT_196,14916.6666666667,9701.388888888814,5215.2777777778865,3.0517363011536602
2011-12-26 07:00:00,MT_196,16916.6666666667,9769.531249999925,7147.135416666775,4.007360473986591
2011-12-26 07:15:00,MT_196,22541.6666666667,9856.336805555482,12685.329861111219,6.6030151427424
2011-12-26 07:30:00,MT_196,22916.6666666667,9989.583333333261,12927.08333333344,5.589315173154157
2011-12-26 07:45:00,MT_196,22541.6666666667,10128.038194444372,12413.628472222328,4.668853774006871
2011-12-26 08:00:00,MT_196,21125.0,10261.718749999929,10863.281250000071,3.6926036398618542
2011-12-26 08:15:00,MT_196,22166.6666666667,10367.187499999929,11799.479166666772,3.7563349119364147
2011-12-26 08:30:00,MT_196,23958.3333333333,10484.374999999929,13473.95833333337,4.008139949520046
2011-12-26 08:45:00,MT_196,26958.3333333333,10620.65972222215,16337.67361111115,4.501635256293777
2011-12-26 09:00:00,MT_196,26041.6666666667,10788.19444444437,15253.47222222233,3.8225400510569916
2012-01-02 04:45:00,MT_196,12125.0,9389.756944444356,2735.243055555644,3.2497058618202606
2012-01-02 05:00:00,MT_196,13750.0,9424.913194444356,4325.086805555644,4.894453328380892
2012-01-02 05:15:00,MT_196,13416.6666666667,9470.920138888801,3945.7465277778992,3.9990314274891596
2012-01-02 05:30:00,MT_196,13250.0,9517.795138888801,3732.2048611111986,3.510485216663707
2012-01-02 05:45:00,MT_196,13625.0,9549.045138888801,4075.9548611111986,3.6184724977802913
2012-01-02 06:15:00,MT_196,16708.3333333333,9654.079861111024,7054.253472222275,5.690014748536961
2012-01-02 06:30:00,MT_196,14250.0,9733.940972222135,4516.059027777865,3.1579443092381654
2012-01-02 06:45:00,MT_196,15416.6666666667,9797.309027777692,5619.357638889009,3.764753695273188
2012-01-02 07:00:00,MT_196,16666.6666666667,9857.204861111026,6809.461805555675,4.261671745712012
2012-01-02 07:15:00,MT_196,19041.6666666667,9913.628472222137,9128.038194444563,5.258951972226483
2012-01-02 07:30:00,MT_196,24500.0,10010.85069444436,14489.14930555564,7.36454357515306
2012-01-02 07:45:00,MT_196,23333.3333333333,10165.36458333325,13167.96875000005,5.361317942993669
2012-01-02 08:00:00,MT_196,24333.3333333333,10304.687499999915,14028.645833333385,5.01701695060316
2012-01-02 08:15:00,MT_196,22541.6666666667,10447.048611111024,12094.618055555677,3.854212930218452
2012-01-02 08:30:00,MT_196,25083.3333333333,10571.18055555547,14512.15277777783,4.306596744962613
2012-01-02 08:45:00,MT_196,26416.6666666667,10730.034722222135,15686.631944444565,4.266503838014658
2012-01-02 09:00:00,MT_196,28041.6666666667,10893.66319444436,17148.003472222343,4.279713089274118
2012-01-02 09:15:00,MT_196,26041.6666666667,11069.878472222137,14971.788194444563,3.427017410045593
2012-01-02 09:45:00,MT_196,26166.6666666667,11400.607638888803,14766.059027777897,3.0633785572428938
2012-03-25 01:00:00,MT_196,0.0,20369.791666666566,-20369.791666666566,3.223189758262967
2012-03-25 01:15:00,MT_196,0.0,20249.999999999898,-20249.999999999898,3.0728518477232463
2012-06-23 03:45:00,MT_196,750.0,21858.506944444347,-21108.506944444347,3.1033949228012316
2012-12-26 05:30:00,MT_196,16083.3333333333,10417.968749999864,5665.364583333436,3.1218805575279047
2012-12-26 06:15:00,MT_196,16916.6666666667,10568.142361110973,6348.524305555728,3.1931707598571406
2012-12-26 08:30:00,MT_196,23500.0,11089.843749999867,12410.156250000133,5.039004468247172
2012-12-26 08:45:00,MT_196,24666.6666666667,11210.503472222088,13456.163194444613,4.865693784179726
2012-12-26 09:00:00,MT_196,24083.3333333333,11347.656249999867,12735.677083333432,4.128842193233142
2012-12-26 09:15:00,MT_196,24833.3333333333,11479.166666666533,13354.166666666766,3.9926975688637225
2012-12-26 09:30:00,MT_196,22750.0,11628.038194444309,11121.961805555691,3.0831367830239365
2012-12-26 10:00:00,MT_196,24083.3333333333,11894.097222222088,12189.236111111211,3.1026938778693367
2013-01-02 06:15:00,MT_196,13958.3333333333,9445.746527777635,4512.586805555664,3.666164908785107
2013-01-02 06:30:00,MT_196,14583.3333333333,9451.822916666524,5131.510416666775,4.100212907198384
2013-01-02 06:45:00,MT_196,14041.6666666667,9469.618055555411,4572.04861111129,3.487954798811476
2013-01-02 07:00:00,MT_196,13958.3333333333,9477.430555555411,4480.902777777888,3.3550532952286582
2013-01-02 08:15:00,MT_196,15041.6666666667,9652.777777777632,5388.888888889069,3.4061717035529644
2013-01-02 08:30:00,MT_196,21541.6666666667,9712.239583333188,11829.427083333512,7.068262677415863
2013-01-02 08:45:00,MT_196,22375.0,9835.0694444443,12539.9305555557,6.087426288391691
2013-01-02 09:00:00,MT_196,22375.0,9972.656249999856,12402.343750000144,5.124269602004586
2013-01-02 09:15:00,MT_196,23250.0,10115.017361110966,13134.982638889034,4.820939579538049
2013-01-02 09:30:00,MT_196,22000.0,10269.965277777634,11730.034722222366,3.874677699636302
2013-01-02 09:45:00,MT_196,22125.0,10404.513888888743,11720.486111111257,3.605810074564282
2013-01-02 13:00:00,MT_196,25791.6666666667,11819.444444444298,13972.222222222403,3.124231135553644
2013-01-19 04:15:00,MT_196,1041.66666666667,17660.156249999844,-16618.489583333172,3.49787997145334
2013-03-06 00:30:00,MT_196,333.333333333333,17908.420138888745,-17575.086805555413,4.171529997449112
2013-03-31 01:00:00,MT_196,0.0,18691.84027777764,-18691.84027777764,3.899178701034726
2013-03-31 01:15:00,MT_196,0.0,18563.802083333194,-18563.802083333194,3.6283486849924294
2013-03-31 01:30:00,MT_196,0.0,18453.993055555413,-18453.993055555413,3.4218638996733723
2013-03-31 01:45:00,MT_196,0.0,18355.902777777635,-18355.902777777635,3.2565648860781113
2013-06-12 13:00:00,MT_196,25666.6666666667,18225.26041666652,7441.406250000182,3.107823742573711
2013-06-12 13:15:00,MT_196,27250.0,18286.02430555541,8963.97569444459,3.577188990019429
2013-10-12 00:30:00,MT_196,0.0,17022.135416666497,-17022.135416666497,4.16171383719116
2013-10-12 00:45:00,MT_196,0.0,16903.211805555384,-16903.211805555384,3.837049596770385
2013-10-12 01:00:00,MT_196,0.0,16799.913194444274,-16799.913194444274,3.592921324065268
2013-10-12 01:15:00,MT_196,0.0,16697.04861111094,-16697.04861111094,3.3876329716615454
2013-10-12 01:30:00,MT_196,0.0,16592.447916666493,-16592.447916666493,3.2096020873524003
2013-10-12 01:45:00,MT_196,0.0,16486.11111111094,-16486.11111111094,3.0531407289879606
2013-10-23 17:45:00,MT_196,2625.0,17395.399305555384,-14770.399305555384,4.602095567984732
2013-10-23 18:00:00,MT_196,5041.66666666667,17218.315972222048,-12176.649305555378,3.445418934167757
2013-12-26 05:30:00,MT_196,14125.0,9041.666666666484,5083.333333333516,4.711513497092379
2013-12-26 05:45:00,MT_196,15000.0,9090.711805555373,5909.288194444627,4.942698123981521
2013-12-26 06:00:00,MT_196,14416.6666666667,9096.788194444262,5319.878472222439,4.347149563714852
2013-12-26 06:15:00,MT_196,17000.0,9131.510416666484,7868.489583333516,5.947875940265197
2013-12-26 06:30:00,MT_196,15791.6666666667,9202.690972222039,6588.975694444662,4.272090084241148
2013-12-26 07:15:00,MT_196,18750.0,9360.67708333315,9389.32291666685,5.2783390380402935
2013-12-26 07:30:00,MT_196,23416.6666666667,9457.899305555373,13958.767361111328,6.9164574819886
2013-12-26 07:45:00,MT_196,22375.0,9593.749999999818,12781.250000000182,5.185376316264399
2013-12-26 08:00:00,MT_196,22958.3333333333,9716.57986111093,13241.75347222237,4.755983228021181
2013-12-26 08:15:00,MT_196,23291.6666666667,9847.222222222039,13444.444444444662,4.349093313868608
2013-12-26 08:30:00,MT_196,26208.3333333333,9969.184027777597,16239.149305555702,4.811132000881679
2013-12-26 08:45:00,MT_196,26833.3333333333,10130.64236111093,16702.69097222237,4.446853375643428
2013-12-26 09:00:00,MT_196,23791.6666666667,10296.874999999818,13494.791666666883,3.2748277063877387
2013-12-26 09:15:00,MT_196,25083.3333333333,10440.104166666484,14643.229166666815,3.3721478499519297
2014-01-02 05:15:00,MT_196,13750.0,8579.427083333134,5170.572916666866,6.391139487137486
2014-01-02 05:30:00,MT_196,17041.6666666667,8643.663194444245,8398.003472222455,8.762466374703434
2014-01-02 05:45:00,MT_196,18083.3333333333,8743.489583333134,9339.843750000166,7.31869051615871
2014-01-02 06:00:00,MT_196,17500.0,8837.673611110911,8662.326388889089,5.448683407837286
2014-01-02 06:15:00,MT_196,17833.3333333333,8932.291666666468,8901.041666666832,4.901128734905008
2014-01-02 06:30:00,MT_196,18958.3333333333,9034.288194444245,9924.045138889054,4.898194917327987
2014-01-02 07:15:00,MT_196,20083.3333333333,9312.06597222202,10771.267361111279,4.436939272181241
2014-01-02 07:30:00,MT_196,23416.6666666667,9436.197916666466,13980.468750000235,5.256826275468174
2014-01-02 07:45:00,MT_196,19666.6666666667,9570.746527777577,10095.920138889123,3.350640441523953
2014-01-02 08:00:00,MT_196,20583.3333333333,9671.006944444243,10912.326388889056,3.4288470008705865
2014-01-02 08:15:00,MT_196,21791.6666666667,9778.645833333132,12013.020833333569,3.565201380552342
2014-01-02 08:30:00,MT_196,22458.3333333333,9893.229166666466,12565.104166666833,3.5075198920085486
2014-01-02 08:45:00,MT_196,23541.6666666667,10016.059027777575,13525.607638889125,3.557351691713799
2014-01-02 09:00:00,MT_196,22375.0,10153.211805555353,12221.788194444647,3.023316749022141
2014-01-02 09:15:00,MT_196,23500.0,10284.288194444243,13215.711805555757,3.125469434290282
2014-03-30 01:00:00,MT_196,0.0,17323.78472222201,-17323.78472222201,3.5619427384702615
2014-03-30 01:15:00,MT_196,0.0,17241.319444444234,-17241.319444444234,3.3909687159798043
2014-03-30 01:30:00,MT_196,0.0,17151.041666666457,-17151.041666666457,3.2311940588428247
2014-03-30 01:45:00,MT_196,0.0,17066.40624999979,-17066.40624999979,3.096196106717453
2014-05-30 17:00:00,MT_196,32000.0,18280.815972221993,13719.184027778007,3.392990473129348
2014-05-30 17:15:00,MT_196,31375.0,18392.79513888866,12982.204861111339,3.042639990227985
2014-08-19 15:30:00,MT_196,76000.0,23671.87499999977,52328.12500000023,5.396361716233439
2014-08-19 16:30:00,MT_196,78000.0,23504.34027777755,54495.65972222245,4.806697209620294
2014-08-19 16:45:00,MT_196,78541.6666666667,23928.385416666442,54613.28125000026,4.35427766268809
2014-11-14 01:15:00,MT_196,10958.3333333333,18629.774305555333,-7671.440972222033,3.340128918802182
2014-11-14 01:30:00,MT_196,9375.0,18593.749999999778,-9218.749999999778,3.860667682836076
2014-11-14 01:45:00,MT_196,10250.0,18542.534722221997,-8292.534722221997,3.2800280823647263
2014-11-14 02:00:00,MT_196,10416.6666666667,18493.48958333311,-8076.82291666641,3.058911925632477
2014-11-20 00:30:00,MT_196,10916.6666666667,17654.079861110888,-6737.413194444187,3.0853741526546257
2014-11-20 00:45:00,MT_196,10083.3333333333,17628.472222221997,-7545.138888888698,3.3575996515019644
2014-11-20 01:00:00,MT_196,10166.6666666667,17590.27777777755,-7423.611111110851,3.1698537914402976
2014-11-20 01:15:00,MT_196,10125.0,17557.291666666442,-7432.291666666442,3.0679234546009604
2014-11-20 01:30:00,MT_196,9166.66666666667,17508.680555555333,-8342.013888888663,3.3072346864464826
2014-11-27 00:30:00,MT_196,9916.66666666667,17447.048611110884,-7530.381944444214,3.489712245983686
2014-11-27 00:45:00,MT_196,9416.66666666667,17400.173611110884,-7983.506944444214,3.5181971314222147
2014-11-27 01:00:00,MT_196,9791.66666666667,17361.54513888866,-7569.878472221992,3.1927831182207154
2014-11-27 01:30:00,MT_196,9375.0,17288.628472221997,-7913.628472221997,3.117512557303886
2014-11-27 02:00:00,MT_196,9000.0,17207.89930555533,-8207.89930555533,3.0209234725664436
2014-12-26 00:15:00,MT_196,15708.3333333333,10011.284722222,5697.048611111299,4.6991402339914075
2014-12-26 00:30:00,MT_196,14916.6666666667,10050.347222222,4866.3194444447,3.660969544346002
2014-12-26 06:15:00,MT_196,15875.0,10361.111111110893,5513.888888889107,3.972036190453105
2014-12-26 06:30:00,MT_196,16583.3333333333,10427.083333333116,6156.250000000184,4.12032649864316
2014-12-26 07:15:00,MT_196,17416.6666666667,10624.131944444225,6792.5347222224755,3.94283507568779
2014-12-26 07:30:00,MT_196,19041.6666666667,10711.371527777561,8330.29513888914,4.507939585384419
2014-12-26 07:45:00,MT_196,19375.0,10815.538194444229,8559.461805555771,4.228374411817832
2014-12-26 08:00:00,MT_196,18875.0,10918.402777777561,7956.597222222439,3.6195088201991967
2014-12-26 08:15:00,MT_196,19166.6666666667,11000.434027777563,8166.232638889138,3.486860367822483
2014-12-26 08:30:00,MT_196,21041.6666666667,11079.42708333312,9962.239583333581,4.010694624523005
2014-12-26 08:45:00,MT_196,23708.3333333333,11171.006944444232,12537.326388889067,4.678560606229263
2014-12-26 09:00:00,MT_196,23041.6666666667,11296.440972222008,11745.225694444693,3.9593028148253193
2014-12-26 09:15:00,MT_196,23416.6666666667,11419.27083333312,11997.395833333581,3.7524992981644516
